method;modification;ber percent;snr db;psnr db
silence interval;poloviční kvantování;36.5719378854963;-2.2366399669719383;14.744134172610414
silence interval;poloviční vzorkování;31.529743987831385;-2.340325041349119;14.640449098241136
silence interval;horní propusť 1/2 max frekv.;4.329717163889965;-11.241486352194409;5.739299973289211
silence interval;dolní propusť 1/2 max frekv.;4.353932584269663;-12.976450704326368;4.004335621175341
silence interval;MP3 překódování: 96k;0.9187620889748549;-13.509377406413762;5.693152677988428
silence interval;přidání šumu: SNR 10 dB;34.65645615776902;-2.6226947592726075;14.358079380253164
silence interval;přidání šumu: SNR 20 dB;45.49286333051432;-2.3004425824561547;14.680331557153146
