method;modification;ber percent;snr db;psnr db
echo bipolar bf;poloviční kvantování;41.90328546562228;12.62067826922544;28.07971341809657
echo bipolar bf;poloviční vzorkování;41.63534697291123;12.670924062956884;28.12995921184012
echo bipolar bf;horní propusť 1/2 max frekv.;50.554957775783286;-9.6074921661063;5.851542984278425
echo bipolar bf;dolní propusť 1/2 max frekv.;50.254934657854655;-11.41591938220291;4.0431157664411375
echo bipolar bf;MP3 překódování: 96k;35.223214285714285;-3.4070755149832497;10.649512049096694
echo bipolar bf;přidání šumu: SNR 10 dB;21.70561017732811;7.288018175569323;22.74705332552324
echo bipolar bf;přidání šumu: SNR 20 dB;16.01124789218886;11.36052728159354;26.819562429818742
