method;modification;ber percent;snr db;psnr db
lsb;half quantization;48.763020833333336;5.592056829329609;23.933689364442756
lsb;half sampling;34.9609375;5.500213959688851;23.841846494802002
lsb;high-pass half max frequency;49.98608117816092;-13.775970875389831;4.565661659723318
lsb;low-pass half max frequency;49.97838413382594;-13.776224656533067;4.565407878580082
lsb;mp3 transcoding: 96k;50.08388049223654;-13.031132609385018;5.332312891852488
lsb;noise: SNR 10 dB;49.974792179802954;3.688830755663979;22.030463290777128
lsb;noise: SNR 20 dB;50.00121869868637;5.178698404504688;23.52033093961784
