method;modification;ber percent;snr db;psnr db
dsss;half quantization;30.428468801313628;5.539665426026084;23.881297961139232
dsss;half sampling;30.051570197044335;5.463282183864664;23.804914718977813
dsss;high-pass half max frequency;50.06042179802956;-13.775242461665766;4.566390073447381
dsss;low-pass half max frequency;49.88448019293924;-13.776232077990603;4.565400457122546
dsss;mp3 transcoding: 96k;50.09620447224975;-13.032783755407308;5.330661745830197
dsss;noise: SNR 10 dB;34.35960591133005;3.5962353929613435;21.937867928074493
dsss;noise: SNR 20 dB;31.149489429392446;5.1290899613155965;23.470722496428746
