method;modification;ber percent;snr db;psnr db
echo single;half quantization;17.78590425531915;7.596358701093721;21.810435073970346
echo single;half sampling;16.273271276595743;7.629098806119372;21.843175178995995
echo single;high-pass half max frequency;49.50132978723404;-9.915741429592664;4.298334943283962
echo single;low-pass half max frequency;49.368351063829785;-9.917945507176858;4.296130865699768
echo single;mp3 transcoding: 96k;21.651785714285715;-2.866237317443234;11.19035024663671
echo single;noise: SNR 10 dB;18.550531914893618;5.837273664910749;20.051350037787373
echo single;noise: SNR 20 dB;10.289228723404255;7.397667229264282;21.61174360214091
