method;modification;ber percent;snr db;psnr db
echo bipolar;poloviční kvantování;42.22906127610966;11.490980066601349;26.950015216035084
echo bipolar;poloviční vzorkování;42.026524423411665;11.527767874830687;26.986803024226074
echo bipolar;horní propusť 1/2 max frekv.;49.584132261749346;-9.607076584787352;5.8519585654194275
echo bipolar;dolní propusť 1/2 max frekv.;49.292863359443;-11.423219328008681;4.035815820828826
echo bipolar;MP3 překódování: 96k;35.44642857142857;-3.375779311438727;10.680808252641217
echo bipolar;přidání šumu: SNR 10 dB;20.565904794930375;6.979814331529587;22.438849480176536
echo bipolar;přidání šumu: SNR 20 dB;14.385471061792863;10.534369547831073;25.99340469676466
