method;modification;ber percent;snr db;psnr db
echo bipolar bf;half quantization;30.003324468085108;16.82072330986106;31.034799682737685
echo bipolar bf;half sampling;29.305186170212767;16.954782341668512;31.168858714545138
echo bipolar bf;high-pass half max frequency;50.681515957446805;-9.91672381372994;4.297352559146686
echo bipolar bf;low-pass half max frequency;50.349069148936174;-9.916365931385734;4.297710441490893
echo bipolar bf;mp3 transcoding: 96k;35.223214285714285;-3.4070755149832497;10.649512049096694
echo bipolar bf;noise: SNR 10 dB;33.87632978723404;8.782102703118618;22.996179075995244
echo bipolar bf;noise: SNR 20 dB;21.54255319148936;14.9931619047857;29.207238277662327
