method;modification;ber percent;snr db;psnr db
dsss dft;half quantization;45.09723932676519;5.550991716842566;23.892624251955713
dsss dft;half sampling;44.89320350985221;5.477026361381232;23.818658896494377
dsss dft;high-pass half max frequency;50.060101087848935;-13.775316213338533;4.566316321774615
dsss dft;low-pass half max frequency;49.89615404351396;-13.775232814671345;4.566399720441804
dsss dft;mp3 transcoding: 96k;49.951607408325074;-13.032757118083325;5.330688383154181
dsss dft;noise: SNR 10 dB;46.41747485632184;3.612413675149207;21.954046210262355
dsss dft;noise: SNR 20 dB;45.732630336617405;5.1476839429259815;23.48931647803913
