method;modification;ber percent;snr db;psnr db
tone insertion;poloviční kvantování;40.786870169441144;13.654219745564088;29.28721871417686
tone insertion;poloviční vzorkování;40.57808784185494;13.675310294074842;29.30830926549354
tone insertion;horní propusť 1/2 max frekv.;49.83406565844233;-9.629539568023677;6.003459402856336
tone insertion;dolní propusť 1/2 max frekv.;49.74798262237416;-11.645385564824286;3.9876134063596496
tone insertion;MP3 překódování: 96k;49.530211794019934;-11.90063033775118;5.875857878154616
tone insertion;přidání šumu: SNR 10 dB;47.933426538347206;7.193266170079733;22.8262651409122
tone insertion;přidání šumu: SNR 20 dB;44.92237818321443;11.907734244551543;27.540733214904098
