method;modification;ber percent;snr db;psnr db
echo bipolar;half quantization;30.11968085106383;15.282025130587058;29.496101503463688
echo bipolar;half sampling;29.138962765957448;15.397126721612626;29.61120309448925
echo bipolar;high-pass half max frequency;48.68683510638298;-9.917870683789001;4.296205689087624
echo bipolar;low-pass half max frequency;49.00265957446808;-9.913767594933558;4.3003087779430675
echo bipolar;mp3 transcoding: 96k;35.44642857142857;-3.375779311438727;10.680808252641217
echo bipolar;noise: SNR 10 dB;34.57446808510638;8.695429003213128;22.909505376089754
echo bipolar;noise: SNR 20 dB;24.98337765957447;14.020006127770044;28.234082500646668
