method;params;ber percent;snr db;psnr db
silence interval;min silence len=400;1.6304347826086956;-2.8742833425624306;16.217221087144843
silence interval;min silence len=600;23.709792345276874;-2.8486141265881786;16.454511205391906
