method;params;ber percent;snr db;psnr db
phase;;0.4718980920217065;15.613264602551943;32.07149964769879
