method;params;ber percent;snr db;psnr db
tone insertion;f0=18757, f1=21703;0.045882936507936505;24.854827370217563;42.49253278373583
tone insertion;f0=10685, f1=13277;4.693080357142857;23.014512975757416;40.65221838927569
tone insertion;f0=433, f1=511;6.77703373015873;22.511950810483782;40.14965622400205
