method;params;ber percent;snr db;psnr db
phase;;0.044129720853858787;9.685464928532522;28.02709746364567
