method;params;ber percent;snr db;psnr db
dsss dft;alpha=0.05;0.8219993000230921;4.222942966109995;20.68117801224984
dsss dft;alpha=0.005;7.66418337230112;21.540248009374057;37.998483054521216
dsss dft;alpha=0.0025;10.861954811800024;27.32115254100575;43.77938758611307
