method;params;ber percent;snr db;psnr db
dsss;alpha=0.05;0.5844622331691297;7.777069875410399;26.11870241052355
dsss;alpha=0.005;19.936755952380953;27.615067039665224;45.95669957477837
dsss;alpha=0.0025;29.90070812807882;33.633430734973246;51.975063270086395
